system,trajectories,raw_success,strict_excess_rate,kernel_success
BASE,7168,1.0,0.5620814732142857,0.4379185267857143
EFFECTGUARD_V2,7168,1.0,0.0,1.0
PROJ_GUARD_V2,7168,1.0,0.0849609375,0.9150390625
