system,trajectories,raw_success,strict_excess_rate,kernel_success
BASE,7168,1.0,0.5700334821428571,0.42996651785714285
EFFECTGUARD,7168,1.0,0.07393973214285714,0.9260602678571429
PROJ_GUARD,7168,1.0,0.07435825892857142,0.9256417410714286
