system,trajectories,raw_success,strict_excess_rate,kernel_success
BASE,7168,1.0,0.5700334821428571,0.42996651785714285
EFFECTGUARD,7168,1.0,0.0,1.0
PROJ_GUARD,7168,1.0,0.0004185267857142857,0.9995814732142857
