system,trajectories,raw_success,strict_excess_rate,kernel_success
BASE,7168,1.0,0.5700334821428571,0.42996651785714285
EFFECTGUARD_V2,7168,1.0,0.0,1.0
PROJ_GUARD_V2,7168,1.0,0.0732421875,0.9267578125
