baseline,total_success_count,accepted_success_count,rejected_success_count,accepted_success_rate,residual_strict_excess_count,residual_strict_excess_per_accepted_success,residual_incomparable_count,residual_incomparable_per_accepted_success,coverage,false_denial_if_applicable
FINAL_STATE,21504,21504,0,1.0,4611,0.21442522321428573,230,0.010695684523809524,1.0,0.0
CORE_DFA,21504,21504,0,1.0,4611,0.21442522321428573,230,0.010695684523809524,1.0,0.0
MINISCOPE_PERMISSION,21504,20256,1248,0.9419642857142857,3363,0.16602488151658767,230,0.011354660347551343,1.0,0.05803571428571429
CONTRACT_MENU_CMTF,21504,19898,1606,0.9253162202380952,3373,0.16951452407277112,24,0.0012061513719971856,1.0,0.07468377976190477
REVISABILITY,21504,20256,1248,0.9419642857142857,3363,0.16602488151658767,230,0.011354660347551343,1.0,0.05803571428571429
MODERNSTACK_PROJECTION,21504,19423,2081,0.9032273065476191,3310,0.17041651650105544,0,0.0,1.0,0.09677269345238096
KERNEL_FULL,21504,16893,4611,0.7855747767857143,0,0.0,230,0.013615106848990706,1.0,0.21442522321428573
