baseline,total_success_count,accepted_success_count,rejected_success_count,accepted_success_rate,residual_strict_excess_count,residual_strict_excess_per_accepted_success,residual_incomparable_count,residual_incomparable_per_accepted_success,coverage,false_denial_if_applicable
FINAL_STATE,21504,21504,0,1.0,4089,0.19015066964285715,230,0.010695684523809524,1.0,0.0
CORE_DFA,21504,21504,0,1.0,4089,0.19015066964285715,230,0.010695684523809524,1.0,0.0
MINISCOPE_PERMISSION,21504,20778,726,0.9662388392857143,3363,0.16185388391568004,230,0.011069400327269227,1.0,0.03376116071428571
CONTRACT_MENU_CMTF,21504,20413,1091,0.9492652529761905,3366,0.16489491990398275,24,0.0011757213540390928,1.0,0.05073474702380952
REVISABILITY,21504,20778,726,0.9662388392857143,3363,0.16185388391568004,230,0.011069400327269227,1.0,0.03376116071428571
MODERNSTACK_PROJECTION,21504,19937,1567,0.9271298363095238,3310,0.16602297236294328,0,0.0,1.0,0.07287016369047619
KERNEL_FULL,21504,17415,4089,0.8098493303571429,0,0.0,230,0.01320700545506747,1.0,0.19015066964285715
