baseline,total_success_count,accepted_success_count,rejected_success_count,accepted_success_rate,residual_strict_excess_count,residual_strict_excess_per_accepted_success,residual_incomparable_count,residual_incomparable_per_accepted_success,coverage,false_denial_if_applicable
FINAL_STATE,21504,21504,0,1.0,4638,0.21568080357142858,240,0.011160714285714286,1.0,0.0
CORE_DFA,21504,21504,0,1.0,4638,0.21568080357142858,240,0.011160714285714286,1.0,0.0
MINISCOPE_PERMISSION,21504,20230,1274,0.9407552083333334,3370,0.166584280771132,234,0.011566979733069698,1.0,0.059244791666666664
CONTRACT_MENU_CMTF,21504,19884,1620,0.9246651785714286,3378,0.16988533494266747,20,0.0010058338362502514,1.0,0.07533482142857142
REVISABILITY,21504,20230,1274,0.9407552083333334,3370,0.166584280771132,234,0.011566979733069698,1.0,0.059244791666666664
MODERNSTACK_PROJECTION,21504,19394,2110,0.9018787202380952,3310,0.17067134165205733,0,0.0,1.0,0.09812127976190477
KERNEL_FULL,21504,16866,4638,0.7843191964285714,0,0.0,240,0.014229811454998222,1.0,0.21568080357142858
