baseline,total_success_count,accepted_success_count,rejected_success_count,accepted_success_rate,residual_strict_excess_count,residual_strict_excess_per_accepted_success,residual_incomparable_count,residual_incomparable_per_accepted_success,coverage,false_denial_if_applicable
FINAL_STATE,21504,21504,0,1.0,5149,0.23944382440476192,690,0.03208705357142857,1.0,0.0
CORE_DFA,21504,21504,0,1.0,5149,0.23944382440476192,690,0.03208705357142857,1.0,0.0
MINISCOPE_PERMISSION,21504,20778,726,0.9662388392857143,4423,0.21286938107613823,690,0.033208200981807684,1.0,0.03376116071428571
CONTRACT_MENU_CMTF,21504,20413,1091,0.9492652529761905,4426,0.21682261304070935,484,0.02371038063978837,1.0,0.05073474702380952
REVISABILITY,21504,20778,726,0.9662388392857143,4423,0.21286938107613823,690,0.033208200981807684,1.0,0.03376116071428571
MODERNSTACK_PROJECTION,21504,19937,1567,0.9271298363095238,4362,0.21878918593569743,460,0.02307267893865677,1.0,0.07287016369047619
KERNEL_FULL,21504,16355,5149,0.7605561755952381,0,0.0,690,0.042188933047997555,1.0,0.23944382440476192
